k	rep	MSE
1	1	0.9966374180814729
2	1	0.8196375799256557
3	1	0.7809775731417788
4	1	0.7537294396786061
5	1	0.7400126415415154
1	2	1.0173509752254464
2	2	0.8340305542656967
3	2	0.7911702828860068
4	2	0.7532506894623551
5	2	0.7402007510959121
1	3	0.9699149514331986
2	3	0.8102342245409458
3	3	0.7698820858377545
4	3	0.7372317065614904
5	3	0.7242482132879211
