k	rep	MSE
1	1	1.0185086914877655
2	1	0.7942650525902043
3	1	0.6978124739041046
4	1	0.6647122273442797
5	1	0.636377771810404
1	2	0.9926223227440909
2	2	0.7945757445965929
3	2	0.6971080052895053
4	2	0.6650025897279203
5	2	0.6370163539794635
1	3	1.011659537480172
2	3	0.7992103678208977
3	3	0.6988788836812846
4	3	0.6728076326431267
5	3	0.6402705402397245
