k	rep	MSE
1	1	0.9346297411487561
2	1	0.7629209471525684
3	1	0.7166136090332123
4	1	0.6931558446118629
5	1	0.6794687793673824
1	2	0.9427089651682025
2	2	0.7611929869374646
3	2	0.71752491452469
4	2	0.6787396951217582
5	2	0.6559854956133087
1	3	0.9513847544782619
2	3	0.7680186769445809
3	3	0.7132720819052506
4	3	0.6840735064657119
5	3	0.6647054544984702
