k	rep	MSE
1	1	1.0268776756373286
2	1	0.7942236378215558
3	1	0.7398958857795512
4	1	0.7146846642296574
5	1	0.6984096149472626
1	2	0.9817931972054381
2	2	0.7598929576609029
3	2	0.7273545394052015
4	2	0.714935852215014
5	2	0.7164873157976226
1	3	0.99075732334808
2	3	0.7606332442608549
3	3	0.7349683748674463
4	3	0.717620678367703
5	3	0.7029018814008214
